"交付ID","模块","交付项","负责人","负责人会话ID","上游依赖ID","当前状态","已核对证据或来源","文件路径或计划位置","验收标准","接收方","下一动作","完成期限或触发条件","人工验收","线上执行","实际执行时间","版本","更新时间"
"G01","主管","共用产品事实与口径","小组运营主管","","","设计口径已核对，目录/实物/包装待确认","运营数字化/试运行/鼠标垫_DE_20261004/00_产品事实与口径核对.md","运营数字化/试运行/鼠标垫_DE_20261004/00_产品事实与口径核对.md","DE；Zindoo；B0H5HKNFDM；900×400×3mm；未知与历史分开","三位负责人","产品/运营核对当前目录、包装、材质和图案权利","正式发布前","待实物与资料核验","未执行","未执行，无实际时间","V2","2026-10-08"
"G02","主管","共用历史证据与原资料索引","小组运营主管","","G01","历史来源已核对并沿用","73条2025W46频次排名，同源表不重复；竞品评论与本品效果分开","运营数字化/试运行/鼠标垫_DE_20261004/鼠标垫三项交付总览.md","来源/表/行/期间可追溯；ABA为历史排名；竞品评论不当自品评价","三位负责人","有新报表时追加来源、期间和口径，不覆盖历史事实","本轮依赖满足后","来源已核对，新增资料另核对","未执行","未执行，无实际时间","V2","2026-10-08"
"I01","图片","评论场景与痛点依据","图片负责人","01a106d0-1890-78d2-ae01-857bee1da7fa","G01;G02","分析依据已出，本轮沿用","首轮评论原行及有限语义样本，完整制作方案引用","运营数字化/试运行/鼠标垫_DE_20261004/01_图片设计依据.md","样本数、提及数和原行可查，办公/游戏证据不外推全市场比例","图片制作与Listing","新增需求时核对本品事实并补证据，不重造评论结论","本轮依赖满足后","AI分析已完成，实物适用性待核对","未执行","未执行，无实际时间","V2","2026-10-08"
"IMG01","图片","01 白底主图","图片负责人","01a106d0-1890-78d2-ae01-857bee1da7fa","G01;I01","文件已出，纯白背景待改","入选清单/逐图验收，1254×1254 PNG，最终SHA256 0b8f29a677c3711871a91bcb8c271d752989bf29aa0f6108db6e460cfe91d4f0","运营数字化/试运行/鼠标垫_DE_20261004/图片改版V2/最终7张/01_白底单品.png","完整900版产品与真实图案；无文案配件；远离产品的背景RGB255；实际PNG/像素/版本逐张登记","Listing负责人及主管","美工改为RGB255并核对真实边缘/印花","正式发布前，人员与日期待安排","待纯白定稿与实物终验","未执行","未执行，无实际时间","V2","2026-10-08"
"IMG02","图片","02 自然家居办公","图片负责人","01a106d0-1890-78d2-ae01-857bee1da7fa","G01;I01","文件已出，构图待定稿","入选清单/逐图验收，1254×1254 PNG，最终SHA256 967542888144947a2c92da00f70e72645613e8e7961f0cc0e23d41d4662c4fd4","运营数字化/试运行/鼠标垫_DE_20261004/图片改版V2/最终7张/02_自然光暖木办公.png","暖色自然远景；产品清楚；与04/06机位和用途不同；实际PNG/像素/版本逐张登记","Listing负责人及主管","运营决定近景/裁切接受范围，美工完成正式构图","正式发布前，人员与日期待安排","待构图决定与实物终验","未执行","未执行，无实际时间","V2","2026-10-08"
"IMG03","图片","03 尺寸信息","图片负责人","01a106d0-1890-78d2-ae01-857bee1da7fa","G01;I01","文字修订及390px初审完成，实物待核对","入选清单/逐图验收，1254×1254 PNG，最终SHA256 0efd276e3bbee8a90c7c0ca239e9809e1245b2f82939cf11c8449819773835c3","运营数字化/试运行/鼠标垫_DE_20261004/图片改版V2/最终7张/03_正交尺寸.png","900×400×3mm；主体正交比例900:400；3mm量测位置清楚；实际PNG/像素/版本逐张登记","Listing负责人及主管","尺量900×400×3mm并核对正交比例和厚度窗","正式发布前，人员与日期待安排","待尺量及实物终验","未执行","未执行，无实际时间","V2","2026-10-08"
"IMG04","图片","04 成年模特游戏","图片负责人","01a106d0-1890-78d2-ae01-857bee1da7fa","G01;I01","文件与AI标签已核对，人工终验待做","入选清单/逐图验收，1254×1254 PNG，最终SHA256 a830057bb5c3773ca407973294d8e2f8fa82547e06bb4f0d024cd8d29037e5cc","运营数字化/试运行/鼠标垫_DE_20261004/图片改版V2/最终7张/04_成人模特游戏.png","成年人摄影风格；脸手自然；真实键鼠关系；标明AI生成场景；实际PNG/像素/版本逐张登记","Listing负责人及主管","核对模特手部、真实图案/颜色与权利，后续导出保留标签","正式发布前，人员与日期待安排","待手部/实物/授权终验","未执行","未执行，无实际时间","V2","2026-10-08"
"IMG05","图片","05 缝边与背面细节","图片负责人","01a106d0-1890-78d2-ae01-857bee1da7fa","G01;I01","文字修订及390px初审完成，结构待核对","入选清单/逐图验收，1254×1254 PNG，最终SHA256 77308034c6b13ac01f68518f9212f9c98c48bdf7f1ac5a983bf130215684b74a","运营数字化/试运行/鼠标垫_DE_20261004/图片改版V2/最终7张/05_真实卷角结构.png","对照实拍针距/缝边/细颗粒底面；不把生成纹理当测试证据；实际PNG/像素/版本逐张登记","Listing负责人及主管","提供真实背纹、针距、线色及薄边照片后美工校正","正式发布前，人员与日期待安排","待结构实物终验","未执行","未执行，无实际时间","V2","2026-10-08"
"IMG06","图片","06 图案与个性办公","图片负责人","01a106d0-1890-78d2-ae01-857bee1da7fa","G01;I01","文件已出，实物图案/颜色待核对","入选清单/逐图验收，1254×1254 PNG，最终SHA256 48df9ebf240083f38f48bf7d149cb3fd56fb1b56c77eade3dbd7f75e4fc47a9d","运营数字化/试运行/鼠标垫_DE_20261004/图片改版V2/最终7张/06_冷灰对角图案.png","短边对角近景；月亮武士及红色点缀一致；克制局部排版；实际PNG/像素/版本逐张登记","Listing负责人及主管","核对印花与颜色，保持图案展示用途","正式发布前，人员与日期待安排","待实物终验","未执行","未执行，无实际时间","V2","2026-10-08"
"IMG07","图片","07 使用者视角与键鼠空间","图片负责人","01a106d0-1890-78d2-ae01-857bee1da7fa","G01;I01","文字修订及390px初审完成，AI标签已核对","入选清单/逐图验收，1254×1254 PNG，最终SHA256 86482d411b2fa926718b5ed8334ba44679cac05a4f68edf8e87d4cf00e8d94b0","运营数字化/试运行/鼠标垫_DE_20261004/图片改版V2/最终7张/07_第一人称键鼠空间.png","第一人称操作关系；不复用02/04完整场景；配件说明可读；实际PNG/像素/版本逐张登记","Listing负责人及主管","核对手部/小窗、包装不包含范围、图案及实际手机展示","正式发布前，人员与日期待安排","待手部/包装/实物终验","未执行","未执行，无实际时间","V2","2026-10-08"
"I04","图片","七图逐图初审及最终入选清单","图片负责人","01a106d0-1890-78d2-ae01-857bee1da7fa","IMG01;IMG02;IMG03;IMG04;IMG05;IMG06;IMG07","逐图初审、来源和当前文件记录已完成","入选清单7图；10-08图片报告及390px记录；主管哈希/标签核对","运营数字化/试运行/鼠标垫_DE_20261004/图片改版V2/逐图验收.md","只计最终7张PNG；逐图格式/像素/文字/原图差异/返工/成人场景核对","主管与人工验收人员","按逐图剩余项由美工/运营定稿，验收后更新当前记录","正式发布前","AI初审完成，人工终验待做","未执行","未执行，无实际时间","V2","2026-10-08"
"L01","Listing","需求证据与关键词布局复核","Listing负责人","01a106d0-24c7-7d10-bc87-d3c3f4849467","G01;G02","关键词/证据布局审核文件已出","V2审核与JSON，12词原行及历史期间，2组表达排名缺失","运营数字化/试运行/鼠标垫_DE_20261004/图片改版V2/Listing_V2_审核与关键词.md","关键词来源期间指标明确；可验证事实与语义测试假设分开","图片与广告负责人","有近期关键词资料时核对来源/相关性，保持缺值真实","本轮依赖满足后","AI事实/编辑初审通过，人工终审待做","未执行","未执行，无实际时间","V2","2026-10-08"
"L02","Listing","德文可复制内容包V2","Listing负责人","01a106d0-24c7-7d10-bc87-d3c3f4849467","G01;L01","德文成稿及编辑初审已完成","标题60、Highlights112字符、ST85字节、五点750字符，已有校验记录","运营数字化/试运行/鼠标垫_DE_20261004/图片改版V2/Listing_V2_德文可复制.txt","标题/五点/描述/Search Terms及适用Highlights完整；长度字节实算；无未证实承诺","主管及实际内容执行人员","母语终审并核对实际字段、包装与材料，不预填上线时间","正式发布前","待母语、包装与实际字段终验","未执行","未执行，无实际时间","V2","2026-10-08"
"L03","Listing","V2审核汇报与上线字段核对","Listing负责人","01a106d0-24c7-7d10-bc87-d3c3f4849467","L01;L02;I04","角色文字核对完成，主管补核03/05/07最终修订版","角色10-08留痕中03/05/07为修订前哈希；主管查看最终文件，语义一致；当前入选清单登记新哈希","运营数字化/汇报/鼠标垫_DE_20261004_V2/03_Listing内容负责人汇报.md","最终文字/规格/材料一致，修订前后版本可追溯；包装不包含范围必须确认","主管","人工核对包装与实物、手机前台及字段，后续换图重核语义","正式发布前","文字语义初审完成，包装/上线终验待做","未执行","未执行，无实际时间","V2","2026-10-08"
"A01","广告","原8表广告工作簿与关键公式复核","广告负责人","01a106d0-2fba-7d82-8a1d-8e7ea96fad40","G01;G02","原8表Excel可复用，9项关键复核记录通过","V2广告来源与公式复核记录；临时参数恢复，错误扫描0；本轮主管只读核对","运营数字化/试运行/鼠标垫_DE_20261004/outputs/01a106c4-b5c1-73c3-b9b8-bcb4a831a294/02_广告搭建方案_DE.xlsx","缺参数显示待输入；XXL共用预算不重复；临时值恢复；核验不等于真实参数齐备","主管及广告负责人","补齐当前经营参数后重新验算，不复制重建工作簿","当前数据取得后，投放前","草案已核对，参数及投放审核待做","未执行","未执行，无实际时间","V2","2026-10-08"
"A02","广告","V2广告执行说明与逐活动动作","广告负责人","01a106d0-2fba-7d82-8a1d-8e7ea96fad40","A01;L01;I01","V2执行说明与动作表已出，未投放","广告V2及负责人报告，4活动/22关键词配置/4自动目标/23否词候选","运营数字化/试运行/鼠标垫_DE_20261004/图片改版V2/广告_V2_执行方案.md","活动/组/意图/投放/匹配/竞价策略/预算依赖/库存边界/重复检查明确","主管及实际广告执行人员","核对现有ID、图文发布版本、预算库存和逐目标bid","投放参数与页面就绪后","草案初审完成，投放参数数据不足","未执行","未执行，无实际时间","V2","2026-10-08"
"A03","广告","现价成本库存及预算竞价输入","广告负责人","01a106d0-2fba-7d82-8a1d-8e7ea96fad40","G01;A01","待输入当前经营参数","IN01—IN10；原Excel参数与公式区域当前缺值","运营数字化/汇报/鼠标垫_DE_20261004_V2/广告_V2_输入缺口与执行动作表.md","真实现价成本库存CPC/CVR及归因窗口；预算/测试总额/亏损边界确认；不填虚构0","主管及预算决策人","取得现价/费用/贡献、库存、成熟CPC/CVR、ID与B/S/L并验算","实际数据取得并确认后","待实际数据与预算确认","未执行","未执行，无实际时间","V2","2026-10-08"
"M01","主管","整体交付方案V2","小组运营主管","","G01;G02","10-08最终文件与阶段状态汇总完成","三份角色报告、实际七图与入选清单、Listing最终修订语义补核、广告说明和9项复核记录","运营数字化/试运行/鼠标垫_DE_20261004/图片改版V2/整体交付方案_V2.md","覆盖定位/输入/过程表/文件责任/验收缺口/上线检查/数据验证","用户与主聊天","跟踪人工定稿、数据补齐及实际执行，变化后更新对应记录","本轮汇总已完成，后续按实际动作更新","不适用，内部汇总；产品人工终验另记","未执行","未执行，无实际时间","V2","2026-10-08"
"M02","主管","总交付清单V2","小组运营主管","","M01","10-08最终文件与阶段状态汇总完成","三份角色报告、实际七图与入选清单、Listing最终修订语义补核、广告说明和9项复核记录","运营数字化/试运行/鼠标垫_DE_20261004/图片改版V2/总交付清单_V2.csv","唯一ID；依赖/负责人/路径/状态/标准/下一动作明确；七图单列","用户与三位负责人","跟踪人工定稿、数据补齐及实际执行，变化后更新对应记录","本轮汇总已完成，后续按实际动作更新","不适用，内部汇总；产品人工终验另记","未执行","未执行，无实际时间","V2","2026-10-08"
"M03","主管","运营主管整体汇报","小组运营主管","","M01;M02","10-08最终文件与阶段状态汇总完成","三份角色报告、实际七图与入选清单、Listing最终修订语义补核、广告说明和9项复核记录","运营数字化/汇报/鼠标垫_DE_20261004_V2/00_运营主管整体汇报.md","结论/目标实际/动作结果/风险/下一步责任时间/待决策齐备","用户与主聊天","跟踪人工定稿、数据补齐及实际执行，变化后更新对应记录","本轮汇总已完成，后续按实际动作更新","不适用，内部汇总；产品人工终验另记","未执行","未执行，无实际时间","V2","2026-10-08"
"QA01","主管","三角色交叉验收及版本锁定","小组运营主管","","I04;L03;A02","设计文件与当前版本交叉核对完成，人工终验待做","7个实际PNG匹配入选哈希；03/05/07补核文字，其余4图与Listing哈希一致；04/07标签存在","运营数字化/试运行/鼠标垫_DE_20261004/图片改版V2/总交付清单_V2.csv","仅7张当前入选；尺寸/图案/材料/文字语义一致；实物、包装、纯白、字段与费用条件另验","用户与实际执行人员","按IMG/L/A项完成剩余人工与数据条件，不将文件阶段核对当发布通过","人工资料到位后、发布前","待纯白/实物/包装/字段/费用终验","未执行","未执行，无实际时间","V2","2026-10-08"
"LIVE01","主管","图片与Listing上线核对记录","小组运营主管","","QA01","未上线，待人工验收与实际执行条件","三角色及主管报告均无实际上线记录","待建立：真实内容上线记录（当前无成品文件）","当前后台类目/品牌/变体/字段/图片规则核对；人工验收；明确执行授权；后台与前台核对","实际内容执行人员（姓名待确认）","完成纯白/实物/包装/语言/字段核验后，由实际运营记录上传和前台结果","完成验收且取得明确上线授权后","待内容正式验收","未执行","未执行，无实际时间","V2","2026-10-08"
"LIVE02","广告","实际广告配置与上线核对记录","广告负责人","01a106d0-2fba-7d82-8a1d-8e7ea96fad40","QA01;A03;LIVE01","未投放，待参数与实际执行条件","当前无活动创建或花费记录","待建立：真实广告执行记录（当前无成品文件）","资格与在售库存确认；已有活动去重；预算竞价及累计费用边界确认；ID与时间可追溯","实际广告执行人员（姓名待确认）","补参数、现有活动与费用边界，人工审核后登记ID、前后值和实际时间","实际数据/人工审批/页面就绪及明确执行授权齐备后","待参数和费用审核","未执行","未执行，无实际时间","V2","2026-10-08"
"D01","主管","本ASIN上线前真实数据基线","小组运营主管","","G01","真实基线数据不足，待取得","共用事实未知值表","待建立：本ASIN真实基线（当前无成品文件）","DE/店铺/ASIN/期间/时区/币种/来源完整；日粒度销售流量广告库存及价格","三位负责人","取得当前原始业务/广告/价格库存报表，按统一口径建基线","收到实际导出资料后","待真实资料核对","未执行","未执行，无实际时间","V2","2026-10-08"
"D02","主管","上线后真实效果与跨角色复盘","小组运营主管","","LIVE01;LIVE02;D01","未开始，等待真实上线与成熟数据","没有当前经营验证数据","待建立：真实效果复盘（当前无成品文件）","实际日期版本ID可追溯；归因成熟；先排库存价格等影响；无数据不评分不宣称增长","用户与三位负责人","以真实T安排采集与复盘，样本不足不评分","建议真实T+7初看、T+14及归因成熟后；实际日期待定","待真实数据与可比条件","未执行","未执行，无实际时间","V2","2026-10-08"
